word,frequency
game,31
player,28
character,22
community,21
police,20
bias,18
understand,12
cop,12
different,11
people,10
level,10
play,10
knowledge,10
world,10
member,10
s,10
interact,9
racial,9
share,8
action,8
point,8
end,8
card,8
resource,8
main,7
health,7
communication,7
progress,7
patient,6
role,6
real,6
skill,6
not,6
story,6
time,6
mental,6
gain,6
result,5
challenge,5
base,5
outcome,5
motivation,5
report,5
limitation,4
make,4
perspective,4
scenario,4
decision,4
happen,4
secondary,4
understanding,4
involve,4
yes,4
situation,4
well,4
issue,4
feedback,4
officer,4
communicate,4
court,4
identify,4
no,4
recognize,4
analysis,3
interpretation,3
video,3
control,3
take,3
experience,3
injustice,3
anger,3
barrier,3
case,3
personal,3
nurse,3
witness,3
insight,3
social,3
give,3
specific,3
policing,3
self,3
possible,3
compassion,3
worker,3
allow,3
realistic,3
animal,3
go,3
way,3
certain,3
part,3
bad,3
talk,2
able,2
occur,2
actually,2
like,2
choice,2
help,2
group,2
scary,2
interaction,2
advocate,2
multi,2
vague,2
broad,2
analyze,2
work,2
later,2
policy,2
person,2
statistic,2
offer,2
learning,2
response,2
pattern,2
student,2
implicit,2
current,2
empathy,2
lead,2
version,2
goal,2
sustain,2
black,2
discomfort,2
event,2
cool,2
plot,2
usa,2
immediate,2
effect,2
require,2
include,2
win,2
design,2
limit,2
place,2
conflict,2
stage,2
look,2
safety,2
language,2
system,2
need,2
roleplay,2
mandatory,2
evaluation,2
etc,2
information,2
show,2
university,2
judge,2
restriction,2
achieve,2
see,2
good,2
reflection,2
develop,2
orient,2
note,2
day,2
currency,2
second,2
victim,2
training,2
deal,2
stay,2
final,2
curiosity,2
individual,2
review,2
sadness,2
life,2
color,2
thing,2
engage,1
beat,1
replayability,1
spoken,1
post,1
avenue,1
mirror,1
collect,1
maker,1
simulation,1
behaviour,1
increase,1
official,1
e,1
address,1
general,1
trauma,1
pain,1
money,1
example,1
regulary,1
parallel,1
finish,1
okay,1
care,1
come,1
gta,1
hospital,1
educate,1
plan,1
choose,1
low,1
historical,1
literacy,1
shared,1
discover,1
similar,1
info,1
change,1
board,1
high,1
jury,1
bewilderment,1
illustrative,1
drive,1
distinct,1
set,1
car,1
nameless,1
sci,1
scenariso,1
history,1
t,1
mistake,1
act,1
behave,1
badge,1
exchange,1
restrain,1
competiteveness,1
unconscious,1
optimism,1
resentment,1
confounding,1
misc,1
fact,1
determine,1
proper,1
connection,1
genreal,1
force,1
important,1
insightful,1
setting,1
awareness,1
present,1
depend,1
available,1
background,1
fly,1
collection,1
direction,1
guilt,1
fun,1
society,1
icu,1
academy,1
evolve,1
vulnerable,1
smart,1
tutorial,1
pose,1
reevaluation,1
break,1
racism,1
opinion,1
think,1
decide,1
central,1
peace,1
learn,1
have,1
resolution,1
don,1
steamy,1
penalty,1
separately,1
identification,1
assume,1
question,1
crowdsource,1
limitaton,1
lord,1
problem,1
solution,1
sense,1
habit,1
reward,1
continue,1
worldview,1
empathize,1
difference,1
partner,1
mix,1
breakdown,1
move,1
trump,1
begin,1
licensed,1
influence,1
elect,1
maybe,1
one,1
biased,1
motivate,1
discovery,1
accessible,1
security,1
artifact,1
discrimination,1
mars,1
build,1
vulnerability,1
eligibility,1
bezos,1
clarity,1
wonder,1
online,1
entertainement,1
limited,1
family,1
realy,1
little,1
reverse,1
train,1
quest,1
discard,1
disagree,1
teach,1
distribute,1
accumulation,1
new,1
simple,1
explain,1
trial,1
engaged,1
racially,1
instead,1
discussion,1
communcate,1
summary,1
medium,1
produce,1
multiple,1
age,1
pressure,1
theme,1
possibility,1
thorough,1
score,1
protagonist,1
shame,1
switch,1
bring,1
judicial,1
definitely,1
want,1
multiplayer,1
physical,1
interpret,1
metaphorical,1
subjesct,1
tradeoff,1
solidarity,1
stop,1
imagine,1
pass,1
future,1
know,1
disclosure,1
datum,1
accurately,1
gather,1
civilization,1
hopefulness,1
risk,1
brief,1
sims,1
proessir,1
piolcing,1
fear,1
forgiveness,1
appraoch,1
presidency,1
previous,1
administrator,1
completion,1
law,1
start,1
partially,1
try,1
creature,1
alien,1
trust,1
recur,1
modelling,1
plus,1
star,1
exacerbate,1
explicit,1
reason,1
unlock,1
manner,1
number,1
communicaton,1
justice,1
ability,1
space,1
hold,1
anti,1
type,1
human,1
big,1
overcome,1
realize,1
office,1
anonymous,1
cost,1
structure,1
professional,1
access,1
long,1
alleyway,1
area,1
solve,1
fi,1
idea,1
prompt,1
pandemic,1
file,1
provide,1
relatable,1
criminal,1
structural,1
reduce,1
satisfaction,1
nuanced,1
analyse,1
administration,1
voluntarily,1
word,1
safe,1
bipoc,1
white,1
state,1
cursory,1
deep,1
strong,1
topic,1
total,1
activity,1
vocabulary,1
incorporate,1
sorry,1
intuition,1
agree,1
insitution,1
wrong,1
fire,1
surprising,1
face,1
shift,1
free,1
smash,1
check,1
detroit,1
cute,1
handle,1
non,1
evaluate,1
option,1
getting,1
debrief,1
image,1
walk,1
school,1
visual,1
street,1
mission,1
task,1
window,1
coproduce,1
hope,1
participant,1
fully,1
improve,1
teacher,1
resolve,1
nt,1
interest,1
use,1
healthcare,1
comfort,1
fantasy,1
assmption,1
musk,1
support,1
controversial,1
skilled,1
